;              
CREATE USER IF NOT EXISTS "" SALT '' HASH '' ADMIN;            
CREATE CACHED TABLE PUBLIC."schema_version"(
    "installed_rank" INT NOT NULL,
    "version" VARCHAR(50),
    "description" VARCHAR(200) NOT NULL,
    "type" VARCHAR(20) NOT NULL,
    "script" VARCHAR(1000) NOT NULL,
    "checksum" INT,
    "installed_by" VARCHAR(100) NOT NULL,
    "installed_on" TIMESTAMP DEFAULT CURRENT_TIMESTAMP() NOT NULL,
    "execution_time" INT NOT NULL,
    "success" BOOLEAN NOT NULL
);
ALTER TABLE PUBLIC."schema_version" ADD CONSTRAINT PUBLIC."schema_version_pk" PRIMARY KEY("installed_rank");   
-- 1 +/- SELECT COUNT(*) FROM PUBLIC."schema_version";         
INSERT INTO PUBLIC."schema_version"("installed_rank", "version", "description", "type", "script", "checksum", "installed_by", "installed_on", "execution_time", "success") VALUES(1, '0.1.0.1', 'InitialModel', 'SQL', 'V0.1.0.1__InitialModel.sql', 1700892549, '', TIMESTAMP '2016-09-20 21:41:32.874', 36, TRUE);           
CREATE INDEX PUBLIC."schema_version_s_idx" ON PUBLIC."schema_version"("success");              
CREATE CACHED TABLE PUBLIC.BASEWORD(
    ID VARCHAR(255) NOT NULL
);           
ALTER TABLE PUBLIC.BASEWORD ADD CONSTRAINT PUBLIC.CONSTRAINT_C PRIMARY KEY(ID);
-- 4 +/- SELECT COUNT(*) FROM PUBLIC.BASEWORD; 
INSERT INTO PUBLIC.BASEWORD(ID) VALUES('aab56249-a171-4f19-b4ab-f1830b5a22f9');
INSERT INTO PUBLIC.BASEWORD(ID) VALUES('c3abfef5-7833-4654-bd6d-2a2991afa4dc');
INSERT INTO PUBLIC.BASEWORD(ID) VALUES('ff2bcfde-29aa-4a78-abb4-c74749461997');
INSERT INTO PUBLIC.BASEWORD(ID) VALUES('0e34c514-275e-4ce2-90d3-83756bbfacd8');
CREATE CACHED TABLE PUBLIC.ELEMENT(
    ID VARCHAR(255) NOT NULL,
    HINTS VARCHAR(255),
    TITLE VARCHAR(255),
    LASTLOG_ID VARCHAR(255)
);               
ALTER TABLE PUBLIC.ELEMENT ADD CONSTRAINT PUBLIC.CONSTRAINT_C7 PRIMARY KEY(ID);
-- 17 +/- SELECT COUNT(*) FROM PUBLIC.ELEMENT; 
INSERT INTO PUBLIC.ELEMENT(ID, HINTS, TITLE, LASTLOG_ID) VALUES('900f4a32-71a7-4381-948e-6c5eb82c3865', NULL, STRINGDECODE('Esquiva - Queda de Rins - Negativa - Rol\u00e9'), NULL);           
INSERT INTO PUBLIC.ELEMENT(ID, HINTS, TITLE, LASTLOG_ID) VALUES('e1b59af9-887c-494f-8c9e-373ddc1191ff', NULL, 'Compasso - Esquiva - Ponte', NULL);             
INSERT INTO PUBLIC.ELEMENT(ID, HINTS, TITLE, LASTLOG_ID) VALUES('374ce1d1-2a2f-4b18-833d-ee24b049cb31', NULL, STRINGDECODE('Rasteira - Piruette - Queda de Rins - Negativa - Rol\u00e9'), NULL);               
INSERT INTO PUBLIC.ELEMENT(ID, HINTS, TITLE, LASTLOG_ID) VALUES('2c4d973a-c5c4-487c-a764-c51174725295', NULL, STRINGDECODE('Rasteira - A\u00f9'), NULL);       
INSERT INTO PUBLIC.ELEMENT(ID, HINTS, TITLE, LASTLOG_ID) VALUES('c3abfef5-7833-4654-bd6d-2a2991afa4dc', NULL, 'Armada', NULL); 
INSERT INTO PUBLIC.ELEMENT(ID, HINTS, TITLE, LASTLOG_ID) VALUES('19dbde43-6b68-43de-bec0-428ee7f582c3', NULL, STRINGDECODE('Armada - Rasteira - A\u00f9 - Queda de Rins'), NULL);              
INSERT INTO PUBLIC.ELEMENT(ID, HINTS, TITLE, LASTLOG_ID) VALUES('8396388a-328b-4fef-b75b-aa0c29c78506', NULL, 'Frente - Rasteira', NULL);      
INSERT INTO PUBLIC.ELEMENT(ID, HINTS, TITLE, LASTLOG_ID) VALUES('ff2bcfde-29aa-4a78-abb4-c74749461997', NULL, 'Armada dupla', NULL);           
INSERT INTO PUBLIC.ELEMENT(ID, HINTS, TITLE, LASTLOG_ID) VALUES('b2fc73c2-d736-48ab-8955-bd035ed6cbfb', NULL, 'Rasteira - Makako', NULL);      
INSERT INTO PUBLIC.ELEMENT(ID, HINTS, TITLE, LASTLOG_ID) VALUES('f9aeae09-78f3-47af-b077-538669810187', NULL, 'Paralella - Ponte', NULL);      
INSERT INTO PUBLIC.ELEMENT(ID, HINTS, TITLE, LASTLOG_ID) VALUES('ebb78f83-9441-4d82-ae51-1e596331b285', NULL, 'Cocorinha - Queda de Rins', NULL);              
INSERT INTO PUBLIC.ELEMENT(ID, HINTS, TITLE, LASTLOG_ID) VALUES('0e34c514-275e-4ce2-90d3-83756bbfacd8', NULL, 'Negativa - Queda de Rins', NULL);               
INSERT INTO PUBLIC.ELEMENT(ID, HINTS, TITLE, LASTLOG_ID) VALUES('c7f0e087-0567-4737-81b5-e7b9a3e7e52c', NULL, STRINGDECODE('Queda de Rins - Negativa - Rol\u00e9'), NULL);     
INSERT INTO PUBLIC.ELEMENT(ID, HINTS, TITLE, LASTLOG_ID) VALUES('4d65e2d4-8e49-48d8-b2c1-8c29f78c75db', NULL, 'Esquiva - Ponte', '614fbe7a-280c-438e-bab8-1fa677000bee');      
INSERT INTO PUBLIC.ELEMENT(ID, HINTS, TITLE, LASTLOG_ID) VALUES('aab56249-a171-4f19-b4ab-f1830b5a22f9', NULL, 'Ponte', '033a3966-2d60-4a6f-9eee-f5d29b0c92c3');
INSERT INTO PUBLIC.ELEMENT(ID, HINTS, TITLE, LASTLOG_ID) VALUES('92017821-4add-40ef-a84b-5fbd211e6467', NULL, 'Rasteira - Piruette - Ginga', '1cadf172-0813-492d-aa5e-3d1114e86cb9');          
INSERT INTO PUBLIC.ELEMENT(ID, HINTS, TITLE, LASTLOG_ID) VALUES('934a8ae8-d5f7-4141-aae4-4ff4ab7443fa', NULL, 'Parallela - Queda de Rins', 'dbeef3fe-b3fb-4611-b732-f6c543be7a91');            
CREATE CACHED TABLE PUBLIC.ELEMENTLOG(
    ID VARCHAR(255) NOT NULL,
    QUALITY INTEGER,
    TIMESTAMP TIMESTAMP,
    ELEMENT_ID VARCHAR(255)
);              
ALTER TABLE PUBLIC.ELEMENTLOG ADD CONSTRAINT PUBLIC.CONSTRAINT_3 PRIMARY KEY(ID);              
-- 5 +/- SELECT COUNT(*) FROM PUBLIC.ELEMENTLOG;               
INSERT INTO PUBLIC.ELEMENTLOG(ID, QUALITY, TIMESTAMP, ELEMENT_ID) VALUES('113258ff-4753-40c5-b03e-1f95a370d901', 0, TIMESTAMP '2016-08-28 02:00:00.0', '92017821-4add-40ef-a84b-5fbd211e6467');
INSERT INTO PUBLIC.ELEMENTLOG(ID, QUALITY, TIMESTAMP, ELEMENT_ID) VALUES('614fbe7a-280c-438e-bab8-1fa677000bee', NULL, TIMESTAMP '2016-08-28 02:00:00.0', '4d65e2d4-8e49-48d8-b2c1-8c29f78c75db');             
INSERT INTO PUBLIC.ELEMENTLOG(ID, QUALITY, TIMESTAMP, ELEMENT_ID) VALUES('033a3966-2d60-4a6f-9eee-f5d29b0c92c3', NULL, TIMESTAMP '2016-08-28 02:00:00.0', 'aab56249-a171-4f19-b4ab-f1830b5a22f9');             
INSERT INTO PUBLIC.ELEMENTLOG(ID, QUALITY, TIMESTAMP, ELEMENT_ID) VALUES('1cadf172-0813-492d-aa5e-3d1114e86cb9', 2, TIMESTAMP '2016-08-31 02:00:00.0', '92017821-4add-40ef-a84b-5fbd211e6467');
INSERT INTO PUBLIC.ELEMENTLOG(ID, QUALITY, TIMESTAMP, ELEMENT_ID) VALUES('dbeef3fe-b3fb-4611-b732-f6c543be7a91', 2, TIMESTAMP '2016-08-31 02:00:00.0', '934a8ae8-d5f7-4141-aae4-4ff4ab7443fa');
CREATE CACHED TABLE PUBLIC.EXPRESSION(
    ID VARCHAR(255) NOT NULL
);         
ALTER TABLE PUBLIC.EXPRESSION ADD CONSTRAINT PUBLIC.CONSTRAINT_B PRIMARY KEY(ID);              
-- 13 +/- SELECT COUNT(*) FROM PUBLIC.EXPRESSION;              
INSERT INTO PUBLIC.EXPRESSION(ID) VALUES('19dbde43-6b68-43de-bec0-428ee7f582c3');              
INSERT INTO PUBLIC.EXPRESSION(ID) VALUES('2c4d973a-c5c4-487c-a764-c51174725295');              
INSERT INTO PUBLIC.EXPRESSION(ID) VALUES('374ce1d1-2a2f-4b18-833d-ee24b049cb31');              
INSERT INTO PUBLIC.EXPRESSION(ID) VALUES('4d65e2d4-8e49-48d8-b2c1-8c29f78c75db');              
INSERT INTO PUBLIC.EXPRESSION(ID) VALUES('8396388a-328b-4fef-b75b-aa0c29c78506');              
INSERT INTO PUBLIC.EXPRESSION(ID) VALUES('900f4a32-71a7-4381-948e-6c5eb82c3865');              
INSERT INTO PUBLIC.EXPRESSION(ID) VALUES('92017821-4add-40ef-a84b-5fbd211e6467');              
INSERT INTO PUBLIC.EXPRESSION(ID) VALUES('934a8ae8-d5f7-4141-aae4-4ff4ab7443fa');              
INSERT INTO PUBLIC.EXPRESSION(ID) VALUES('b2fc73c2-d736-48ab-8955-bd035ed6cbfb');              
INSERT INTO PUBLIC.EXPRESSION(ID) VALUES('c7f0e087-0567-4737-81b5-e7b9a3e7e52c');              
INSERT INTO PUBLIC.EXPRESSION(ID) VALUES('e1b59af9-887c-494f-8c9e-373ddc1191ff');              
INSERT INTO PUBLIC.EXPRESSION(ID) VALUES('ebb78f83-9441-4d82-ae51-1e596331b285');              
INSERT INTO PUBLIC.EXPRESSION(ID) VALUES('f9aeae09-78f3-47af-b077-538669810187');              
CREATE CACHED TABLE PUBLIC.EXPRESSIONITEM(
    ID VARCHAR(255) NOT NULL,
    EXPRESSION_ID VARCHAR(255),
    WORD_ID VARCHAR(255)
);           
ALTER TABLE PUBLIC.EXPRESSIONITEM ADD CONSTRAINT PUBLIC.CONSTRAINT_2 PRIMARY KEY(ID);          
-- 0 +/- SELECT COUNT(*) FROM PUBLIC.EXPRESSIONITEM;           
CREATE CACHED TABLE PUBLIC.VERTEX(
    ID VARCHAR(255) NOT NULL,
    PREDECESSOR_ID VARCHAR(255),
    SUCCESSOR_ID VARCHAR(255)
);             
ALTER TABLE PUBLIC.VERTEX ADD CONSTRAINT PUBLIC.CONSTRAINT_9 PRIMARY KEY(ID);  
-- 18 +/- SELECT COUNT(*) FROM PUBLIC.VERTEX;  
INSERT INTO PUBLIC.VERTEX(ID, PREDECESSOR_ID, SUCCESSOR_ID) VALUES('7f4e2d46-d503-4d96-ba2a-2e4d26e63099', 'c7f0e087-0567-4737-81b5-e7b9a3e7e52c', '934a8ae8-d5f7-4141-aae4-4ff4ab7443fa');    
INSERT INTO PUBLIC.VERTEX(ID, PREDECESSOR_ID, SUCCESSOR_ID) VALUES('e1c34559-4982-4f23-b8e2-96a6dcca6e87', '900f4a32-71a7-4381-948e-6c5eb82c3865', 'c7f0e087-0567-4737-81b5-e7b9a3e7e52c');    
INSERT INTO PUBLIC.VERTEX(ID, PREDECESSOR_ID, SUCCESSOR_ID) VALUES('681a672f-11f2-49ab-8f56-a2d807946cb2', '4d65e2d4-8e49-48d8-b2c1-8c29f78c75db', 'aab56249-a171-4f19-b4ab-f1830b5a22f9');    
INSERT INTO PUBLIC.VERTEX(ID, PREDECESSOR_ID, SUCCESSOR_ID) VALUES('d010993c-e5f2-4336-a156-c9f5a8b504f5', 'e1b59af9-887c-494f-8c9e-373ddc1191ff', 'aab56249-a171-4f19-b4ab-f1830b5a22f9');    
INSERT INTO PUBLIC.VERTEX(ID, PREDECESSOR_ID, SUCCESSOR_ID) VALUES('137b9228-05f2-4c5b-b8e8-b59687342749', 'e1b59af9-887c-494f-8c9e-373ddc1191ff', 'aab56249-a171-4f19-b4ab-f1830b5a22f9');    
INSERT INTO PUBLIC.VERTEX(ID, PREDECESSOR_ID, SUCCESSOR_ID) VALUES('7e84dc58-4ce7-46fe-a0c6-2b05ca944a3a', 'e1b59af9-887c-494f-8c9e-373ddc1191ff', '4d65e2d4-8e49-48d8-b2c1-8c29f78c75db');    
INSERT INTO PUBLIC.VERTEX(ID, PREDECESSOR_ID, SUCCESSOR_ID) VALUES('94e78d44-e8a5-498f-80f7-4a5f1ff34339', '374ce1d1-2a2f-4b18-833d-ee24b049cb31', '92017821-4add-40ef-a84b-5fbd211e6467');    
INSERT INTO PUBLIC.VERTEX(ID, PREDECESSOR_ID, SUCCESSOR_ID) VALUES('1990d921-9f77-4278-a44c-075e9138599f', '374ce1d1-2a2f-4b18-833d-ee24b049cb31', 'c7f0e087-0567-4737-81b5-e7b9a3e7e52c');    
INSERT INTO PUBLIC.VERTEX(ID, PREDECESSOR_ID, SUCCESSOR_ID) VALUES('52c7e9e0-17f3-4f13-8f35-5e21762ea188', '2c4d973a-c5c4-487c-a764-c51174725295', '92017821-4add-40ef-a84b-5fbd211e6467');    
INSERT INTO PUBLIC.VERTEX(ID, PREDECESSOR_ID, SUCCESSOR_ID) VALUES('ae9865ac-8b28-4d82-b167-ae953e02767b', '19dbde43-6b68-43de-bec0-428ee7f582c3', 'c3abfef5-7833-4654-bd6d-2a2991afa4dc');    
INSERT INTO PUBLIC.VERTEX(ID, PREDECESSOR_ID, SUCCESSOR_ID) VALUES('88a26022-ae6e-4bb0-9719-a82ccd8aea28', '19dbde43-6b68-43de-bec0-428ee7f582c3', '92017821-4add-40ef-a84b-5fbd211e6467');    
INSERT INTO PUBLIC.VERTEX(ID, PREDECESSOR_ID, SUCCESSOR_ID) VALUES('1a9d4b2d-6027-4944-b0ca-ea4cc51550a2', '19dbde43-6b68-43de-bec0-428ee7f582c3', '934a8ae8-d5f7-4141-aae4-4ff4ab7443fa');    
INSERT INTO PUBLIC.VERTEX(ID, PREDECESSOR_ID, SUCCESSOR_ID) VALUES('fadfcd7b-eb11-4801-b1a6-c9e4fbb68a89', '19dbde43-6b68-43de-bec0-428ee7f582c3', '2c4d973a-c5c4-487c-a764-c51174725295');    
INSERT INTO PUBLIC.VERTEX(ID, PREDECESSOR_ID, SUCCESSOR_ID) VALUES('e76f530b-be14-4ea3-95c4-44f65a7f6c8e', '19dbde43-6b68-43de-bec0-428ee7f582c3', '900f4a32-71a7-4381-948e-6c5eb82c3865');    
INSERT INTO PUBLIC.VERTEX(ID, PREDECESSOR_ID, SUCCESSOR_ID) VALUES('819281a4-7b18-4f20-915d-80141096f8c8', 'ff2bcfde-29aa-4a78-abb4-c74749461997', 'c3abfef5-7833-4654-bd6d-2a2991afa4dc');    
INSERT INTO PUBLIC.VERTEX(ID, PREDECESSOR_ID, SUCCESSOR_ID) VALUES('7fb7134c-36a6-415c-816e-e64fba7f2f9f', 'f9aeae09-78f3-47af-b077-538669810187', 'aab56249-a171-4f19-b4ab-f1830b5a22f9');    
INSERT INTO PUBLIC.VERTEX(ID, PREDECESSOR_ID, SUCCESSOR_ID) VALUES('ba36b33d-62fd-48ae-bcf8-af78ce8894a3', '0e34c514-275e-4ce2-90d3-83756bbfacd8', 'ebb78f83-9441-4d82-ae51-1e596331b285');    
INSERT INTO PUBLIC.VERTEX(ID, PREDECESSOR_ID, SUCCESSOR_ID) VALUES('12c6ba0b-ba4b-4221-b1c3-13a92667bcd9', '934a8ae8-d5f7-4141-aae4-4ff4ab7443fa', '0e34c514-275e-4ce2-90d3-83756bbfacd8');    
CREATE CACHED TABLE PUBLIC.WORD(
    ID VARCHAR(255) NOT NULL
);               
ALTER TABLE PUBLIC.WORD ADD CONSTRAINT PUBLIC.CONSTRAINT_28 PRIMARY KEY(ID);   
-- 17 +/- SELECT COUNT(*) FROM PUBLIC.WORD;    
INSERT INTO PUBLIC.WORD(ID) VALUES('934a8ae8-d5f7-4141-aae4-4ff4ab7443fa');    
INSERT INTO PUBLIC.WORD(ID) VALUES('900f4a32-71a7-4381-948e-6c5eb82c3865');    
INSERT INTO PUBLIC.WORD(ID) VALUES('aab56249-a171-4f19-b4ab-f1830b5a22f9');    
INSERT INTO PUBLIC.WORD(ID) VALUES('4d65e2d4-8e49-48d8-b2c1-8c29f78c75db');    
INSERT INTO PUBLIC.WORD(ID) VALUES('e1b59af9-887c-494f-8c9e-373ddc1191ff');    
INSERT INTO PUBLIC.WORD(ID) VALUES('92017821-4add-40ef-a84b-5fbd211e6467');    
INSERT INTO PUBLIC.WORD(ID) VALUES('374ce1d1-2a2f-4b18-833d-ee24b049cb31');    
INSERT INTO PUBLIC.WORD(ID) VALUES('2c4d973a-c5c4-487c-a764-c51174725295');    
INSERT INTO PUBLIC.WORD(ID) VALUES('c3abfef5-7833-4654-bd6d-2a2991afa4dc');    
INSERT INTO PUBLIC.WORD(ID) VALUES('19dbde43-6b68-43de-bec0-428ee7f582c3');    
INSERT INTO PUBLIC.WORD(ID) VALUES('8396388a-328b-4fef-b75b-aa0c29c78506');    
INSERT INTO PUBLIC.WORD(ID) VALUES('ff2bcfde-29aa-4a78-abb4-c74749461997');    
INSERT INTO PUBLIC.WORD(ID) VALUES('b2fc73c2-d736-48ab-8955-bd035ed6cbfb');    
INSERT INTO PUBLIC.WORD(ID) VALUES('f9aeae09-78f3-47af-b077-538669810187');    
INSERT INTO PUBLIC.WORD(ID) VALUES('ebb78f83-9441-4d82-ae51-1e596331b285');    
INSERT INTO PUBLIC.WORD(ID) VALUES('0e34c514-275e-4ce2-90d3-83756bbfacd8');    
INSERT INTO PUBLIC.WORD(ID) VALUES('c7f0e087-0567-4737-81b5-e7b9a3e7e52c');    
ALTER TABLE PUBLIC.WORD ADD CONSTRAINT PUBLIC.FK6NOS8Y5DVPY3YFF6TQ8JJSNBL FOREIGN KEY(ID) REFERENCES PUBLIC.ELEMENT(ID) NOCHECK;               
ALTER TABLE PUBLIC.EXPRESSION ADD CONSTRAINT PUBLIC.FKSEVU0DE72QVJSOX5SADB1NAFA FOREIGN KEY(ID) REFERENCES PUBLIC.ELEMENT(ID) NOCHECK;         
ALTER TABLE PUBLIC.EXPRESSIONITEM ADD CONSTRAINT PUBLIC.FKOFKN79D26355AS0OACMNR3CXC FOREIGN KEY(WORD_ID) REFERENCES PUBLIC.WORD(ID) NOCHECK;   
ALTER TABLE PUBLIC.BASEWORD ADD CONSTRAINT PUBLIC.FK7QPGJ4NS4MY07UL9IR7EGX8JK FOREIGN KEY(ID) REFERENCES PUBLIC.WORD(ID) NOCHECK;              
ALTER TABLE PUBLIC.VERTEX ADD CONSTRAINT PUBLIC.FKDPR5I0KXA5OLR40MDPUR1FFV8 FOREIGN KEY(PREDECESSOR_ID) REFERENCES PUBLIC.ELEMENT(ID) NOCHECK; 
ALTER TABLE PUBLIC.VERTEX ADD CONSTRAINT PUBLIC.FKNA39HO9CUI058USIRVLJJ405M FOREIGN KEY(SUCCESSOR_ID) REFERENCES PUBLIC.ELEMENT(ID) NOCHECK;   
ALTER TABLE PUBLIC.EXPRESSIONITEM ADD CONSTRAINT PUBLIC.FK90VB7HVC9PLBM4VVPDO0VH72S FOREIGN KEY(EXPRESSION_ID) REFERENCES PUBLIC.EXPRESSION(ID) NOCHECK;       
ALTER TABLE PUBLIC.ELEMENTLOG ADD CONSTRAINT PUBLIC.FK2UCSNCCS13TR1D5Q9VUM0QMT7 FOREIGN KEY(ELEMENT_ID) REFERENCES PUBLIC.ELEMENT(ID) NOCHECK; 
ALTER TABLE PUBLIC.ELEMENT ADD CONSTRAINT PUBLIC.FK6LX8OMFHM1C2E3HY58TPH85UT FOREIGN KEY(LASTLOG_ID) REFERENCES PUBLIC.ELEMENTLOG(ID) NOCHECK; 
